userName,score,at,content,manual_label
papan madhang YK,5,2023-06-19 14:12:10,Bermanfaat dan bermartabat,positive
Restu Avanza,1,2023-06-18 07:49:50,Gak guna mi,negative
Jhuniara,5,2023-06-13 03:17:32,"Pengalaman sya sih, ni aplikasi bukan mempermudah malah makin ribet ğŸ˜’",negative
Taufiq Ilham Azhari,5,2023-06-13 03:00:08,"Aplikasi yang sangat bermanfaat bagi warga Kota Yogyakarta. Sedikit saran suara notifikasi agar dapat diganti sebab selain mengagetkan, tak mencerminkan alunan lagu khas Jogja",positive
Pangastutik Santikrama,1,2023-06-09 03:31:49,Astaghfirulloh.. Mau log in susahnya ampun deh,negative
agung bintoro,5,2023-06-05 01:54:59,Membantu,positive
muhammad qomarudin,1,2023-05-22 12:17:17,ga fungsi...uda daftar gangguan terus,negative
Ari Prasetyo,3,2023-05-08 04:07:18,Mau permohonan ganti KTP rusak tp daftarnya selfi pake ktp trus gimana ya? Soalnya ktp nya aja rusak mau selfi pake ktp siapa mas,neutral
Ivan YP,5,2023-05-04 11:37:30,"Luar biasa, banyak kemudahan yg didapat",positive
Davin eko Jatmiko,5,2023-04-30 09:01:18,Rong nyobo ndes Jogja banyak kliteh,neutral
Nugroho Kristiawan,1,2023-04-27 04:11:34,Mau lihat data warga tidak bisa dan aplikasi lemot pol mohon diperbaiki lagi,negative
Wandi W,1,2023-04-22 05:51:55,Sering gagal nyambung ke wifi,negative
nabilla faiqa almaqhvira,5,2023-04-17 02:10:39,"Bermanfaat sekali, tingkatkan",positive
Rizda Bagus,1,2023-04-14 04:15:24,"Pelayanan online masih berantakan banget, ngurus KK baru ribetnya minta ampun, admin wa nya juga slow respon banget, cari pegawai yang kompeten lahh",negative
Novi Wulan,5,2023-04-11 04:26:59,Sangat bermanfaat dan komunikatif,positive
Hanung Sadewa,5,2023-04-10 05:55:53,Sangat membantu,positive
Wahyu Haryadi,5,2023-04-10 03:57:04,Tingkatkan,neutral
lotek campus56,5,2023-04-10 02:35:52,Mantab,positive
putri arisma,5,2023-04-06 22:47:05,"Aplikasi nya mantaapp. Sesuai dengan namanya smart service, semoga ke depan makin di perbaiki lgi sistem yang masih kurangğŸ‘",positive
Garasi Cellular,5,2023-04-05 03:29:30,Sangat bermanfaat untuk kepengurusan KIA KTP Akta,positive
Purnomo Murni,5,2023-04-05 01:48:37,Sangat bagus dan bermanfaat,positive
abah dzar,5,2023-04-04 01:43:46,Alhamdulillah mantab,positive
Rini Sulistyowati,5,2023-03-31 02:58:54,"Sangat membantu sekali, semua pelayanan di pemerintah kota Yogyakarta. Petugasnya ramah dan membantu",positive
Subur Rahayu,5,2023-03-31 02:46:25,"Aplikasinya sangat membantu masyarakat, petugasnya ramah. Terimakasih",positive
13 Ega Putri,5,2023-03-31 02:26:27,"Aplikasinya cukup membantu dan memudahkan dalam pemrosesan, tingkatkan",positive
Tri Yono,5,2023-03-31 02:00:29,Sangat membantu sekali. Mantap,positive
Ahmad Nurhidayad,5,2023-03-31 01:40:12,"Aplikasinya sangat bermanfaat dan petugasnya ramah, komunikatif",positive
Juli Nugrohowati,5,2023-03-31 01:12:02,Pelayanannya sangat memuaskan dan petugasnya sangat membantu,positive
Mahendra Kuswara,5,2023-03-30 03:01:42,"Pelayanan jss di mpp sangat bagus , sangat membantu masyarakat",positive
Hesti aprilia,5,2023-03-30 02:46:18,Sangat membantu sekali dalam mendapatkan informasi mengenai lingkup pemerintah,positive
Widhia Handayani,4,2023-03-30 01:19:07,Layanannya baik dan cepat.,positive
matilda donna,5,2023-03-29 05:27:26,"Aplikasinya sangat bermanfaat buat warga Jogja, semoga bisa lebih dikembangkan lagiğŸ™",neutral
Susila Hadi,5,2023-03-29 01:24:06,Akses Lebih cepat dari senjatanya korut,positive
Adi Prasetyo Nugroho,5,2023-03-28 10:45:07,"aplikasi sangat membantu dalam urusan urusan kependudukan dan lain lain, dan tidak banyak memakai ruang penyimpanan dalam handphone",positive
Ayuk Widiastutik,5,2023-03-28 03:41:27,"Aplikasi ini sangat bermanfaat dan membantu masyarakat karena bisa di akses dimana saja, menunya juga lengkap",positive
Aglaonema,5,2023-03-28 03:38:27,Aplikasi sudah ada kemajuan. Semoga semakin ada peningkatan lagi dan mempermudah masyarakat Jogja dalam mengurus administrasi kependudukan,positive
Septi Ermawati,5,2023-03-28 02:48:03,"aplikasinya sangat membantu, aduan melalui UPIK tertangani dengan cepat.",positive
Ida Nuurul Huda,5,2023-03-28 02:38:48,"mantap sekali aplikasinya, bisa ngurus surat tanpa harus ke kantor dinas.. bisa dilakukan jarak jauh, semoga update lebih bagus lagi dengan tambah fitur lainnya ğŸ‘ğŸ‘",positive
Ermin Asmaun,5,2023-03-28 02:16:25,Aplikasi yang bagus mantab good job,positive
Firda Amalia,5,2023-03-28 02:10:08,"memudahkan, semoga terus upgrade lagi dengan fitur2 terbaiknya ya",neutral
Ryuu Matsuda,4,2023-03-27 13:21:39,"Aplikasi bagus, walau ada beberapa bug, bisa di tingkatkan",neutral
Allen Kusuma,1,2023-03-27 12:37:22,"Maaf sementara ini aplikasi ini saya uninstal karena ke logout sendiri.dan klo mau masuk disuruh masukin nama,email,no.ktp n password itu yang bikin males.padahal setau saya aplikasi jas saya sudah kebuka kok bisa ke logout sendiri.jadi males gunakan apk ini apalagi klo pas menggunakan WiFi dari Pemkot susah masuknya trus untuk cctv terbatas di kota saja ga semua seluruh Jogjakarta meliputi cctv Sleman,Bantul,kulon Progo n Wonosari.",negative
D Ayu Wulansari,5,2023-03-27 04:33:25,Berguna sesuai dengan nama aplikasinya sangat smart service,positive
Ellysa Puspita N,5,2023-03-27 03:49:35,Mantap. Tingkatkan terus aplikasinya,neutral
Dwi Wahyu Puspitasari,5,2023-03-27 02:27:16,Aplikasinya sangat membantu untuk pembuatan akta & KIA,positive
rera fadira,5,2023-03-27 02:24:41,Mantap. Tingkatkan terus aplikasinya,neutral
syamsu effendie,2,2023-03-19 09:36:28,On,neutral
Ronaldus Bagas Prasetyo,5,2023-03-18 01:14:15,Ok lumayan membantu..,neutral
dewomy yanuar,1,2023-03-17 07:39:59,"notif ganggu banget, suaranyaa nyebelin TENG TENG TENG TENG TENG apa lagi kalo pas lgi kumpul2 kerja miting malah jadi malu ditambah notifnya gabisa ilang di atas",negative
Hari Yanto,1,2023-03-16 06:00:34,Yg di dalam teras 2 ga bisa di lihat dari aplikasi ini. Jadi kurang bagus....,negative
Ali Muhaimin,5,2023-03-14 08:47:08,Sangat bermanfaat.,positive
nurharyadi fajarhidayat,5,2023-03-06 02:42:17,Ok,neutral
Sari Sari,4,2023-03-03 10:52:37,Ookkeee,neutral
Bondan Bangun,4,2023-03-03 10:41:04,Ookkeee,neutral
Raden Windarto,3,2023-03-03 01:38:08,Susah mendaftar di jjs smart,negative
Kota Samsuri,4,2023-03-01 12:21:12,Oke,neutral
Yesung Esy,1,2023-02-27 09:51:14,Menurut saya aplikasinya tidak sesuai dengan nama nya yaitu smart Karena untuk mengurus data masih harus chat via whatsapp dimana harus di saat jam kerja Saran saya lebih baik dibuat seperti aplikasi dukcapil smart bantul(bisa mengisi data saat tidak jam kerja di dalam aplikasi/tidak perlu melalui wa dan tinggal menunggu hasilnya keluar saat sudah jam kerja via email) Ada kurang lebihnya mohon maaf Terima kasihğŸ™,negative
Marsono Adhi,5,2023-02-25 23:00:23,Aduan lampu penerangan jalan mati..selesai 10jam dari laporan Conblok amblas krn hujan...2 hari selesai... Pohon perindang menutup pandangan pemakai jalan... 3hari selesai... Menurut saya penyelesaian masalah masih baik... Terima kasih..JSS.,negative
Ardy PW21,2,2023-02-25 06:29:23,"Maaf,pernah masang aplikasi ini..tapi setelah jarang saya buka mau masuk lagi kok susah? Padahal sudah terdaftar dulunya..",negative
dika feri adianto,1,2023-02-23 05:39:28,Gagal buat akun padahal ktp e yg buat pemerintah....lucu apk nya,negative
Pradana Hidayat,1,2023-02-22 23:43:06,Mohon disempurnakan fitur absensi otomatis yang terbaru tidak berjalan dihp kami yg ada di sekolah kemarin dpt info dr salah satu pegawai dinas pendidikan bisa tetapi setelah kami coba tdk bisa berjalan triamakasih,negative
joko wiyono,1,2023-02-16 21:43:04,"kok ilang dewe. rajelas tenan. Parah ,raono balesan,sering err. Raiso otomatis. Ribet. Bajingan ra jelas",negative
Rika Wistika Sari,1,2023-02-13 03:08:11,Setelah diupdate mlh susah..bgus an kmrin,negative
wahyu joko,1,2023-02-13 02:13:23,Aplikasi msh bnyk bug. Percuma di sosialisasikan di tiap rt. Yg katanya apk jss bisa mempermudah untuk memperoleh layanan. Tp nyatanya sy udah bikin akun dan mau daftar antrian puskesmas malah di suruh login kembali setelah masuk ehh tidak ada kolom yg buat antrian puskesmas. Maunya mo kontrol tensi malah di bikin naik tensi karena apk jss yg membingungkan!,negative
KANG IPIN TELKOM,5,2023-02-08 00:46:38,Siap,neutral
Opa Wien,5,2023-01-30 04:33:28,Keren...,positive
Itsuki 18,1,2023-01-24 01:37:41,setidaknya jngn prank lah...,negative
lora tyas24,1,2023-01-19 06:45:19,Buat daftar pas pegang ktp sama selfie.loding smpe seharian gabisa di prosesssss,negative
Muhammad Eko Widiyanto,1,2023-01-17 07:26:31,Awal doang bagus.. Sekarang gk guna banyak bermasalah..,negative
BEJO BEJO Chanel,5,2023-01-10 12:42:18,"Jooozzzzz....,ğŸ‘ğŸ‘ğŸ‘ğŸ‘",neutral
Prima Adi,5,2023-01-06 22:33:06,Mantap,neutral
Susi Mbend,5,2023-01-06 02:12:25,Bagus,neutral
Mamet Su,1,2023-01-04 02:17:33,Lelet aplikasi nya,negative
Wahyu Sulistiyanto76,5,2023-01-01 05:48:48,Ok,neutral
Mareto,5,2022-12-31 16:03:48,"Ada nya aplikasi jss begitu sangat membantu warga Jogja, seperti pengurusan KTP, KK, akta lahir dll, demi kenyamanan warga Jogja mohon terus dikembang kan",neutral
Muhammad Nur Izza,2,2022-12-31 01:41:44,MUH NURiZZA,negative
Donni Purwantio,2,2022-12-29 02:52:39,"Buka Aplikasi JSS Saat masuk ke Layanan, tidak bisa memakai data seluler, kenapa harus pakai wifi?",negative
Prandita Jalu,1,2022-12-26 03:00:26,Untuk membuat akun awal selalu gagal di foto KTP apalagi mau mempergunakan aplikasi JJS ğŸ¤¦,negative
Ubaidillah Ridwan Asyhari,1,2022-12-19 02:55:37,"Aplikasi pemerintah, tapi pelayanan dari Kominfo kurang fast, mohon maaf, saya mau mendaftar dan verifikasi nya sangat lama dari tim Kominfo nya, mohon bisa di perbaiki lagi kinerja nya karena merupakan pelayanan masyarakatğŸ™ğŸ»",negative
Dody Winardono,5,2022-12-17 14:23:57,Aplikasi yang sangat bermanfaat bagi masyarakat kota yogyskarta,positive
RAW Kikan,1,2022-12-14 02:59:12,"Untuk log in selalu ber masalah, dari segi login bagus beda dgn wifi2 lain tapi yang ini kurang akurat log in keseringan gagal, pake data untuk log in juga sama ğŸ˜– mohon tinjau ulang kak akses tersebut",negative
Nanda Putri Astuti,5,2022-11-30 18:03:06,Sangat baikk,positive
ahmad deni,1,2022-11-29 07:57:04,"Pendaftaran perlu foto KTP dan foto KTP dengan diri sendiri. Aplikasi nasional sejenis peduli lindungi aja ga perlu swafoto diri dengan KTP. Saya ragu pemerintah bisa jaga data. Lagi pula untuk apa swafoto dengan KTP. Salah salah mengamankan data, jika dicuri bisa dijadikan pinjol dan kejahatan lainnya. Sangat tidak ramah dengan privasi",negative
Muhammad Yanuar Rizaldi,2,2022-11-24 14:05:12,"Tolong untuk WiFi daerah RT 27 RW 06 sangat jelek, bahkan tidak bisa di pakai",negative
Lung Ayu Matsyarini,2,2022-11-24 12:38:58,"Tolong akses CCTV diperbaiki, skrg tbtb ndak bisa dipakaiğŸ™",negative
Akun Zafa,4,2022-11-23 13:19:59,Maju terus Jogjakita,positive
frida item,5,2022-11-23 00:35:05,Sangat bermanfaat,positive
Bowo Linda,5,2022-11-22 22:45:24,Suka banget kayak jogjaku istimewa,positive
Subi Atik,5,2022-11-20 05:54:15,Sangat membantu,positive
Sas Abemik,5,2022-11-19 05:01:33,Sangat memberikan pencerahan dan semangat dalam berusaha. Terimakasih sibakul,positive
Pengguna Google,5,2022-11-18 07:29:06,"Pelayananya ramah, cepat, tempatnya nyaman bgt...anak2 friendly... Bisa ngprint dokumen sndri.. Ada layanan wifi gratis.. Mantep..ğŸ‘",positive
FY Indonesia,1,2022-11-15 22:45:11,"Jelek dan sering troble jss, terlihat pemerintah kota sendiri seperti tidak siap dan terkesan di paksakan, dari infrastruktur pendukung, kualitas sdm untuk pengembangan dan perawatan tidak mumpuni di bidangnya. Saran kedepan pemerintah harusnya berfokus pada skil, pengalaman ataupun keterampilan dalam perekrutan SDM, jangan cumua ijasah dan test tertulis doank, karna teori sama praktek beda jauh, kedepan pemkot harus berkaca dari luar negri mereka tidak berfokus pada ijasah tapi skil.",negative
Nugroho Wicaksono,1,2022-11-15 04:07:41,"Habis update tidak bisa diakses, Mohon diperbaiki, Web juga tidak bisa diakses",negative
deraLOVA,3,2022-11-14 06:35:48,"Sangat membantu, tetap semangat jogja",positive
Ressa Adisan,4,2022-11-13 05:40:29,"belum maksimal ,masih banyak kekurangan",negative
ayo jilmek,1,2022-11-13 05:39:47,"tolong diperbaiki lagi, nyambung wifi buat buka situs situs lainya ga bisa trus,main youtube aja dipersulit",negative
Sugeng Widodo,5,2022-11-08 14:35:01,ğŸ‘sangat membantu,positive
el GatÅ,3,2022-11-08 11:25:55,susah bikin akun buat login,negative
johannes darwanto,5,2022-11-08 06:52:06,Optimal,positive
Rusmiyati Abdul Rasyid,5,2022-11-07 10:45:03,Penting dan bermanfaat,positive
Ahmad andri Kurniawan,5,2022-11-06 23:33:29,Bagus,positive
Sopo Jarwo,5,2022-11-02 11:07:50,Saya salut buat pelayanan pemerintah kota Yogyakarta semakin baik,positive
adie prayetno,5,2022-11-02 09:47:28,Bagus,positive
Aris Setiawan,1,2022-11-02 06:10:19,Tidak bisa login,negative
Dtya Pratama,5,2022-11-01 20:27:19,klk mau liat cctv Jogja di gogle jg ada loh,neutral
Gito Asmoro,5,2022-10-31 05:14:10,Aplikasi ini sangat membantu masyarakat kota Yogyakarta,positive
Muhammad Hasbi Asshiddiqie,1,2022-10-29 09:15:57,Cctv error,negative
SD N Suryodiningratan II,5,2022-10-28 07:54:39,Bagus lengkap,positive
Iqbal Bangkit,3,2022-10-28 05:46:54,Respon chat livenya terlalu lama kurang fast respon,negative
Virck Soegaly,2,2022-10-27 10:27:57,"Mau daftar,ngisi data diri, pas foto ktp kok cuma putih semua.. gimana ambil fotonya?",negative
MOH. ARIF SUGIYANTO Arif,5,2022-10-27 04:06:23,"Sangat bagus dan sangat membantu dalam pengurusan dokumenÂ² penting. Selama ini tudak ada kendala, lancarÂ² aja.",positive
suparno irawan,5,2022-10-26 06:38:41,Sangat membantu,positive
Khairina Zhaafirah Azalia,5,2022-10-25 10:15:30,Satu akun untuk semua kebutuhan,positive
Roti Tawar,1,2022-10-22 14:55:03,",aplikasi cuma buat penipuan biar cepat habis kuwota anda, Jngn Download aplikasi ini brooo",negative
BAYU TIRTA,1,2022-10-22 03:24:12,Kok sekarang ngak bisa buat login wifi si kot pemkot pekok,negative
Wurdi Yanto,5,2022-10-21 18:25:44,Jogjakarta Joss dalam genggaman,positive
Rositawati,1,2022-10-21 14:33:54,CCTV ga bisa dibuka. Padahal paketan lancar jaya. Ini sih murni dari Aplikasinya,negative
21. Lanang Syahrul K.R,1,2022-10-20 23:42:43,Lama proses aktivasinya sudah lebih dari 1 jam gk selesaiÂ² apa janganÂ² petugasnya lgi bobok atau apa?,negative
Dimas Kusaryanto,2,2022-10-17 04:39:12,"Katanya Smart sevice, tapi bagian CCTV ga bisa di akses. ğŸ™„ğŸ™„",negative
Chairunisa Nindy Aqila,3,2022-10-17 02:24:52,"Cctv tidak bisa di play min, error cctv nya. Jadi tidak bisa memantau sikon jalan seperti apa",negative
dHit dHot,1,2022-10-16 03:42:06,offline semua.. ğŸ¥±,negative
Dellaayu Anggraeni,1,2022-10-15 04:53:28,Kenapasi kok semua cctv nya gabisa diakses. Jelek bgt kualitasnya.tolong dong pemerintah Jogja dibenerin lagi app ini buat memudahkan rakyat,negative
Rizka Khurotunisa,3,2022-10-14 16:10:27,Mohon untuk akses cctv dapat dibuka untuk agar pengguna dapat maksimal dalam menerima manfaat aplikasi ini,negative
Sen Sen,1,2022-10-13 13:53:02,"CCTV TIDAK BISA MUNCUL SEMUAAA,RASIDO SMART",negative
Arif Setyo Nugroho,3,2022-10-13 09:29:59,Gak bisa play CCTV min..udah coba ganti 5-6 titik CCTV sama semua error 'video can't be played'. Tolong segera diperbaiki min..thanks,negative
Danang Saptoko,5,2022-10-12 02:38:26,Perlu perbaikan,positive
Temi Yunianto,3,2022-10-10 09:10:25,WiFi kok tidak ada akses internet terus,negative
Cynara Devina,1,2022-10-02 08:40:57,"APLIKASI APA-APAAN INI BUAT CHEK PBB AJA GA BISA, MENDING GA USAH ADA APLIKASI",negative
kukuh priyanto,1,2022-09-28 01:32:03,"Dari beberapa hari yang lalu mendaftar di akun JSS tapi tidak bisa masuk. Padahal dari kelurahan diarahkan untuk memakai JSS. Keterangan selalu: Nama Tidak Cocok dengan data kependudukan. Terus harus bagaimana? Kalau seperti ini namanya bukan SMART service, menyusahkan. Terus petugasnya ngapain? Mending cara jadul, sehari jadi",negative
Mas Serujie,1,2022-09-26 15:09:08,Alah ribet,negative
Sholeh Anwar,5,2022-09-15 15:10:07,Cctv'nya sekarang susah dibuka,negative
Ichwan Rizza,2,2022-09-13 07:44:31,Ah aplikasi marai emosi Lemot servernya upload gak selesaiÂ² Niat baik tp server gak baik,negative
Galet Soe,5,2022-09-05 03:26:50,Apik tenan,negative
Rudiyanto,1,2022-09-04 00:34:49,Lambat parah,negative
cahyanto hendy,3,2022-09-03 00:51:05,Cctv gak bisa terbuka....barusaja pembaharuan,negative
Arif Hermawan,1,2022-09-02 09:32:42,"Bagi yang tidak bisa login maupun susah daftar atau masalah lainnya, langsung aja hubungi JSS di help desk",negative
Febri Nanda,1,2022-08-31 07:27:49,apl bsk,negative
Virgo 55,1,2022-08-29 23:14:11,"aplikasi apaan ini,mau ganti nomor hp gak bisa.aneh",negative
Tri Cahyo,2,2022-08-27 03:24:42,Sepertinya hnya bisa diakses untuk keperluan jam kantor,negative
Anwar,1,2022-08-26 09:50:29,"Udah daftar disuruh aktivasi ulang. Udah kirim pesan, operator nya online tapi gak ada responnya. 3 hari ditunggu ga di acc. Niat ga sih??",negative
arya widi,2,2022-08-26 03:36:08,Ada fitur CCTV tapi ga bisa dilihat,negative
waode ira,2,2022-08-25 08:18:59,"Lemot bgt,padahal jaringan besar bgt--_--",negative
Jelita TNjanah,3,2022-08-22 17:18:30,"Cctv nya kurang rata, gabisa mantau cowoku jalan sama selingkuhannya",negative
PeLLo Pers,1,2022-08-19 10:14:02,Lama prosesnya,negative
Raihan Daffa,2,2022-08-17 04:03:55,"Foto profil nya eror ga bisa di ubah, jadi saya ga sengaja klik foto yang salah pas mau di ganti lagi ga bisa padahal udah ada tulisan ""foto profil anda berhasil di ubah"" dan udah saya refreshÂ² juga tetap ga bisa tolong di perbaiki",negative
lidwina andani,5,2022-08-10 11:46:06,terimakasih atas layanan kk baru 1 hari jadi,positive
Usman TR,4,2022-08-06 20:22:28,Kadang nga konek,neutral
Heri Istiyanto,5,2022-07-28 00:24:03,"Makin mantabs Aplikasi JSS sekarang, makin banyak aplikasi layanannya, makin stabil aplikasi didalamnya, serta tampilan yang makin oke punya, semangat ya temen-temen semoga aplikasi ini bermanfaat untuk masyarakat umum dan kota jogja pada khususnya.",positive
ValerianZKa,5,2022-07-27 01:58:23,"Kereeeen, sudah ada cctv nya lg.. Tambahkan inovasi2 terbaru..",positive
Tombe Tom,5,2022-07-21 17:55:28,Mantap banget bosku,positive
rizah bayu susanto,1,2022-07-17 14:06:27,"bosok, g guna, daftar ajah dpersulit",negative
Dimas Khoirurrizqi,3,2022-07-16 23:06:08,Masuk ke registrasinya lama bnget ya,negative
Aggus Kencrong,4,2022-07-14 01:34:11,Sangat membantu,positive
Nugroho Danuri,1,2022-07-12 00:40:13,gak stabil :(,negative
ogi putra,1,2022-07-06 11:02:18,Ra genah masa server pemerintah eror bug sperti ini... Gimana ini programer nya .? Bisa di BUG HUNTER sama Hacker kecolongan data dah,negative
Nono,3,2022-07-03 12:06:49,"Membantu, tapi sekarang jjs hotspot saya nggak bisa dipakek, diotak-atik nggak ada hasil",negative
Gilang Ramadhan,3,2022-07-01 13:35:49,Lag WiFi,negative
Kenzie Abenk,2,2022-06-30 01:15:43,Good,positive
Moch Kasbiran,5,2022-06-29 02:56:39,Pelayanan baik,negative
ifsa otnasus,5,2022-06-27 23:45:23,Siplah,neutral
Urip Tirta Jaya,1,2022-06-27 04:36:47,Katanya ada PBB ternyata tidak ada,negative
Farid Wae,1,2022-06-21 22:55:32,Login tidak bisaaaa.,negative
Keri Kabul Widodo,5,2022-06-21 22:22:41,"Aplikasi layanan cukup mempermudah,hanya saja respon petugas perlu ditingkatkan. . ..trima kasih. . ..",neutral
Sayekti 1965,5,2022-06-20 06:35:37,Baik,neutral
Wulan Zandriani,1,2022-06-20 05:59:53,Kok tidak bisa dipake?,negative
Sutiyam riyan,1,2022-06-20 03:00:01,Sudah 4 hari daftar masih muter aja blm bisa masuk aplikasi parah jelekny,negative
tia m,2,2022-06-20 02:12:40,"Buat 4 akun Sudah 2 hari cuma muter semua belum bisa di gunakan , mohon di perbaiki apanya gitu biar proses pendaftaran ya bisa lebih cepat, kalo belum siap pakai aplikasi mending pakai WA aja dulu kaya kemarin",negative
Gidelivaw N,5,2022-06-19 11:52:34,Mantap responnya,positive
micri micri,1,2022-06-15 01:35:56,Sering trouble Kurang smart,negative
susi purwani,3,2022-06-14 08:20:05,pas mau masuk kenapa minta verifikasi trus si,negative
Surya Yoi,1,2022-06-12 17:07:13,Cara mengatasi anda belum melakukan aktivasi jss gimana,negative
Rama Dhan,2,2022-06-10 10:24:18,"Kok pas lagi mau ngeseks WiFi nya malah di suruh login padahal saya sudah login akun jss, kok jadi ke log out sendiri ya, tolong di perbaikin ya ğŸ™ğŸ™ğŸ™",negative
chandra tjs,1,2022-06-07 10:02:58,"Berulang2 isi form, sampai mau selesai, harus ulang lagi.. ulang lagi. Aplikasi ga bermutu",negative
MUHAMMAD AVIAN,5,2022-06-07 08:24:35,Mantap,positive
Wandes Ss,2,2022-06-06 05:59:05,"Mau daftar kok susah bgt muter"" trs ke menu utama ğŸ˜–",negative
Farahdi W,2,2022-06-02 06:26:23,Servernya kok down di jam kerja ğŸ˜”. Kalau maintenance knp saat hari dan jam kerja kantor. Utk mempermudah birokrasi tp knp jd menghambat dan kalau blm siap serentak manual saja dulu. Kalau begini menghambat sekali. â˜¹ï¸,negative
gusnanda safrudin,2,2022-06-02 03:24:56,"Akses sering error,cukup mengecewakan",negative
HNTR CTR,1,2022-05-29 00:39:16,Regrestasi lambat,negative
Sam Tigis official,1,2022-05-25 16:33:23,Aplikasi gak guna sudah terdaftar tp suruh login terus aneh tolong di perbaiki,negative
Yayasan Fardlu Kifayah,1,2022-05-25 15:34:54,Sulitnya mau login... Gak jadi aja aah.... Sudah dapat WA...tapi di klik gak ada opsi apapun,negative
Iin Nur R,3,2022-05-25 06:54:48,"Minta tolong diperbaiki untuk aplikasi dan sistemnya, terutama di tahap pendaftarannya trouble sekaliğŸ˜­",negative
Dindin latipudin,5,2022-05-24 01:56:41,Alhamdllh,positive
rafidhanan,5,2022-05-17 15:29:11,sangat membantu!!!,positive
Agustinus Doni Margiono,3,2022-05-13 11:50:19,"Saya daftar pelatihan, persyaratan yg saya upload sudah lengkap, tapi tidak lolos administrasi (tidak ada keterangan berkas mana yg bikin tidak lolos)",negative
Kuntoro Adiwibowo,1,2022-05-09 08:39:54,Tambah lelet aja,negative
Hamdani Dani,2,2022-05-08 09:10:12,"Kurang terintegrasi dgn keseluruhan sub sistem, mkshğŸ™",negative
barrera rangga,1,2022-05-07 23:46:41,Erroorr terooss. Sialllll,negative
isnan Hidayatullah,3,2022-04-27 01:22:39,Alarm notif nya mengganggu sekali,negative
Vista Hartant,2,2022-04-26 19:13:29,"Katanya sih udah sukses pendaftaran, tp link dr whatsapp tidak stuck. Percuma dong isi data dr td tp gagal donggggg tetep kudu bikin manual kekantor. Zzzzz",negative
Eka Rachmawati,5,2022-04-25 03:23:38,sangat membantu,positive
Syamzuardi Priyambodo,1,2022-04-21 17:08:26,lambat,negative
Dwi Antoro,5,2022-04-18 22:02:09,istimewa,positive
pak pieh,1,2022-04-12 08:36:06,Aplikasi jelek mau login pake nama sendiri masak gak bisa dah di pake orang lain katanya...,negative
Kristiana Susilowati,3,2022-04-12 05:38:57,CAHYO,neutral
bambang hadi purwantoro,5,2022-04-11 19:46:18,Pelayanan bagus,positive
Aisyah Kusuma Wardhani,5,2022-04-05 03:02:20,Sangat membantu dan aplikasi ini pekerjaan saya jadi sangat terbantu,positive
Rigent Adv,5,2022-04-04 01:36:02,Semoga bermanfaat,neutral
Dewi Belleza,1,2022-03-29 15:50:44,Pendaftaran vaksin gk bs di buka...cm halaman putih aja,negative
Robinson Sihombing,5,2022-03-29 08:54:22,Sgt bagus dan membantu,positive
Armpepi,1,2022-03-28 15:24:58,"Parah data gw nggak ada, tulisannya hubungi helpdesk untuk di daftar manual. Eh, helpdesk nya dihubungin malah nggak pernah respon. Nggak niat emang buat layanan. Atau emang belum siap. Sekelas Jogja kok layanan ITnya gini. Parah.",negative
Zam Zam Nuur Na'im,2,2022-03-27 07:54:35,"Mau akses wifi gabisa. Padahal udah daftar, udah verifikasi, akun sudah jadi. Tp gabisa akses wifi Jogja.... Serasa dibohongi",negative
Riyanto,1,2022-03-22 08:58:40,Dipake buat lihat pajek bangunan gak bisa,negative
wahyuni sri,1,2022-03-08 03:01:10,"Tidak ada yg bisa menjelaskan, yg jawab robot, untuk saya yg sudah lansia tidak jelas, monggo diperbaiki ada cs yg bisa dihubungi",negative
Eko S,1,2022-03-07 10:35:13,JSS nya sering tdk konek...ğŸ˜“ğŸ˜“ğŸ˜“,negative
Aiko Maharani,1,2022-03-07 05:08:22,Gakk bisaa terusss !!!,neutral
Barnas Aradean,4,2022-03-04 18:00:46,Mengapa layanan buat surat pengantar di versi yg baru malah sudah tidak ada lagi daftar warga yg akan dibuatkan surat pengantar? Padahal ini sangat membantu bagi warga yg tidak punya HP Android apalagi aplikasinya. Mohon perhatian nya.,negative
Hery Kuswanto,1,2022-03-02 03:48:56,"Susah utk dftar pelatihan online, di wa jg yg blz gk niat slow bgt dan gk diblz..",negative
elia kristiawan,5,2022-02-27 16:49:14,Jooooz,neutral
imika jogja,5,2022-02-26 15:35:17,"Nice, the real aplication..",positive
Pak Kun,2,2022-02-25 03:23:06,Aplikasi koq banyak error nya,negative
gatot denjaka,4,2022-02-24 04:51:34,"Untuk pengaduan PJU dan pelayanan Disdukcapil sudah bagus, tapi sayang untuk PELATIHAN dimana ngeklik berkas selalu masuk ke kamera terus, bukan galery (padahal syarat berkas tidak boleh lebih dari 2 MB), ujungnya diminta datang langsung ke dinas terkait untuk dibantu katanya..",neutral
Veronica Yuni,2,2022-02-21 02:57:04,"Aplikasinya sama sekali gak ngebantu...mau login ke linknya ajha susah bener, tulisannya terjadi kesalahan terus, sama gak bisa dibuka.. Tolong apliaksi nya diperbaiki lagi, agar memudahkan masyarakat, sama saja kalau ada aplikasi jss tp tidak bisa digunakan..ujung""nya harus ke balkot jga...",negative
Ismi Budiarti,5,2022-02-17 11:15:48,Ok,neutral
iwandiningrat,5,2022-02-17 04:21:30,Josss,neutral
exnasius agung,1,2022-02-17 00:35:55,Gak bisa loginnn woeee,negative
Burhanudin Acer,5,2022-02-16 10:19:15,Mudah di acces,positive
Angelus Christela Ratih Kemala,1,2022-02-13 17:28:26,"hallo min tolong di respon secepatnya perihal masalah pendaftaran vaksinasi di aplikasi jss kenapa saya tidak bisa login dan mendapatkan info vaksin di app jss padahal sebelumnya bisa tolong perbaikannya dan saya belum mendapatkan dosis2 vaksin moderna, tolong bantuannya segera, terimakasih",negative
Simed,2,2022-02-13 05:05:11,"Aplikasi dibuka blank, apa dalam perbaikan?",negative
DARMAWAN TIYANG JOGJA,5,2022-02-12 09:57:56,Asn pengguna JSS,neutral
Yulius Ilmoe,5,2022-02-10 13:36:07,Good service,positive
Ayhuxz Nduttz,1,2022-02-10 07:56:38,Gk bisa di gunakan mhin di tingkatkan,negative
Tito Herlambang,2,2022-02-10 07:25:12,"Pernah daftar, mau masuk lagi lupa password, ngga ada bantuan apa gtu biar masuk lagi, susahnyaaa",negative
Sukarman Karman,5,2022-02-09 08:55:19,Bagus sip bingit....,positive
Didi Aris,5,2022-02-08 13:16:34,Sangat membantu saat pandemi seperti sekarang.. tks,positive
Shidiq Rochadi,1,2022-02-07 00:26:42,"Aplikasi jelek, lemot",negative
Adia Neisya.S,1,2022-02-05 04:37:39,"aplikasi rusak..sebagai warga jogja kecewa sih,niat pngen lewat online tp mlah aplikasi.nya eror gini..ujung""nya harus ke balkot urus manual",negative
Sudaryanto,5,2022-02-03 03:43:49,Mudah di operasikan,positive
Ning Dwi Astuti Gedongkiwo,5,2022-02-02 23:49:33,Bagus banget,positive
ì‹ ìˆœë¬¸,1,2022-01-30 14:28:35,Gimana cara Promosi jualan ke DODOLAN ko susah bgt lemot,negative
fathonah kg4,5,2022-01-27 08:55:18,praktis banget,positive
Bagas Zidnidan,5,2022-01-27 05:13:38,Bagus dan bermanfaat,positive
Saddam Miqdad,1,2022-01-26 05:30:18,Aplikasi kurang sempurna,negative
Eko Sulistyono,5,2022-01-24 01:49:26,Mantap sekali coy ğŸ‘ğŸ™ğŸ‘,positive
agung bendot,1,2022-01-21 02:24:14,Susah aplikasinya.. Ngurus Apa apa harus online kasian untuk orang2 yang gapunya hp.. Saya datang ke capil disuruh download apl ini bukanya dipermudah malah dipersulit.. Dari 3 hr lalu gabisa dibuka tiap tabnya selalu warna putih.. Tolong untuk pegawai pemerintah mohon dengan sangat jangan dipersulit..,negative
Tatik Wahyati,5,2022-01-20 05:35:29,"Saya belum pernah vaksin, bagaimana caranya",neutral
Gen Biru,5,2022-01-19 12:52:01,Siip update selalu.. cari bug nya biar jossss,neutral
Ihsan Akbar,5,2022-01-17 18:09:50,Bagus,positive
Adhitia MK,3,2022-01-17 03:15:24,Sudah lebih baik,neutral
Makhfud Budi,5,2022-01-13 08:01:19,Nunggu lama tau2 ditolak permohonannya. Padahal syarat sudah lengkap,negative
Haruanpepes,1,2022-01-13 02:21:51,"teruntuk developer apk JSS Apk y uda gud,tampilan y ok simpel mudah d mengerti. E tapi Fungsional apk sangat kurang 1.Isi formulir malah di alihkan ke browser 2.Nomor Pengaduan yg tertera no respon",negative
Maryani Nani,5,2022-01-11 13:45:17,Memudahkan daLam penguRusan suRat2,positive
Agustin Putri,5,2022-01-08 16:16:20,Kalau mengurus surat Cerai mati apakah harus pakai surat kematian karena meninggalnya di Jakarta bersama Istri barunya,neutral
Having Vadana,5,2022-01-08 04:29:44,"Bagus semakin baik pelayanan,istimewa jogja kota",positive
Silpina Yuliana,5,2022-01-04 07:36:08,Baik,neutral
alveonita EL kristanto,4,2022-01-02 00:13:07,"Sejauh ini baik. Tp barusan sy coba utk daftar antrian puskesmas, mau upload foto data diri, lgsg close sendiri app nya. Knp ya? Tolong dong..",neutral
Siemens A 50,4,2021-12-24 09:20:05,"mas, kok sok njepat dewe. dadak dudul meneh. sing pinisepuh hpne wis jadul2 je.. yen bisa digawe luwih entheng nggih. nuwun",negative
satria bajahitam,1,2021-12-16 01:58:58,Tidak membantu sama sekali....payah,negative
Alvin Farras,1,2021-12-15 03:08:13,Pelayanan yang berbelit belit dan plinplan....,negative
MasBekel Surojono,3,2021-12-14 06:07:41,Mau update malah mandek ditengah jalan alhasil macet,negative
Alvin Syuhada,5,2021-12-10 08:46:43,TopğŸ‘,positive
Djoko Madurianto Sunarto,5,2021-12-09 09:45:43,"Memotong mata rantai birokrasi yang berbelit-belit. Jos gandos, mantap jiwa.",positive
Lakstiono Ganthi,1,2021-12-08 07:58:09,Membalas pesan Membuat pengaduan Hampir semua tidak bisa diakses dengan keterangan hanya untuk warga kota jogjakarta.. Padahal dengan jelas data yg saya punya untuk mendaftar juga ktp kota jogja.. Mohon diperbaiki,negative
Heri Marsanto,5,2021-12-07 05:11:18,Ya baik,neutral
Yusuf dwiprakosa,5,2021-12-05 11:16:16,"Sangat Membantu ,, Bagus SekaliğŸ˜€",positive
Elizabeth Shintalia,5,2021-12-04 06:04:49,Good,neutral
Koes Martono,1,2021-12-01 02:34:19,"Mosok warga luar kota jogja, ndak bisa mendaftarkan ortu yang tinggal di kota mau periksa di puskesmas kota",positive
Tablet Lawas,4,2021-11-30 16:57:57,Apik neh Nek hp jadul Yo iso lancar. Mesakke para pinisepuh sing hp ne kalah karo anak putune,neutral
Baqi Raharjo,5,2021-11-28 09:24:18,Mantap,positive
Anton Balio,3,2021-11-27 08:04:58,Aplikasi yang sebenarnya bagus dan bermanfaat. Sayangnya tidak ada panduan untuk pengguna baru.. Pernah saya membuat aduan lewat aplikasi jss dan baru pertama kali membuat aduan. Setelah seharian saya tunggu tunggu kok aduan saya tidak tampil ke publik. Ternyata aduan saya dirahasiakan. Mohon untuk semua aduan itu ditampilkan ke publik tidak ada opsi dirahasiakan. Saya percaya pemangku pemangku di kota yogyakarta ini orang orang yg bijaksana. Jadi transparan aja tidak perlu dirahasiakan.,negative
Arya Dwipangga,3,2021-11-26 13:07:11,Diinstal susah banget..bolak balik ke menu..setelah terinstal aplikasinya tidak muncul di layar hp,negative
Topo Sutopo,5,2021-11-25 21:30:47,"Mejadi Keira RT, 13/04 sidomulyo never regal rejoice yogyakarta",positive
btp,2,2021-11-25 15:55:46,"Cara ganti RT RW di data pribadi di profil begimana ?? Gak bisa di klik ,gak bisa diganti ,,",neutral
Heru Syamdani,5,2021-11-25 04:48:08,"Aplikasi ini sangat bermanfaat, akan tetapi ketika saya akan mengklik layanan dukcapil terkhusus pembuatan akta tidak bisa diklik atau tidak tersambung ke webnya... Entah hape saya yang bermasalah atau bagaimana? Mohon pencerahannya.",neutral
Roy Of Palar,5,2021-11-24 11:23:49,"Saya sangat senang dgn aplikasi ini. Saya sdh merasakan manfaatnya. Berharap seluruh kota d Indonesia punya aplikasi seperti ini yg bisa mengatasi pungli. O iya, selama ngurus surat d Kota Jogja, saya tdk pernah temui pungli. Sangat puassss...ğŸ™ğŸ™",positive
Automazone,1,2021-11-23 08:14:25,"Layanan daftar online, tapi jam kerja cuma sampai jam 12.00, selebihnya ditolak. Nek males, golek penak, rasah kerjo sisan wae mas. Turu wae ning omah penak.",negative
Rizky Prastya,5,2021-11-20 16:39:16,Bagus,positive
Nzul Khoer,1,2021-11-19 11:34:49,"Kenapa pas permohonan ektp buat yg domisili ktp luar jogja tdk bsa sya cmn mau nunut Cetak ulang krna ktp sya rusak dn itu ktny tdk bsa hrus di tmpt kta tinggl sehrus ny bsa lhoo mnrut pak zudan tp dilapangan nyatanya diputar""",negative
Farizt Rachman,5,2021-11-19 10:18:13,Sangat membantu informasi ter apdet.,positive
Fatimah Anyunari,5,2021-11-18 03:52:28,Semoga bermanfaat,neutral
Savakustik Music Channel,5,2021-11-18 03:25:50,Semoga bermanfaat,neutral
Vhava Kurniawan,5,2021-11-16 06:35:25,Banyak sistem yang belum bisa di akses.. Padahal sangat membantu,neutral
Adhe Juniary,3,2021-11-13 20:35:44,"Aplikasinya bagus tapi, Kurang memuaskan karna akses layanan sy ditolak padahal saya sudah menjadi warga Jogja. Walaupun saya hanya warga pendatang. Tetapi saya sudah mencabut berkas dari daerah asal dan seluruhnya menjadi warga Jogja. Akses Layanan Akte kelahiran juga susah, padahal saya adalah ibu kandung masa harus lampiran surat kuasa. Tolong upgrate lagi Aplikasinya agar lebih baik lagi. Trima kasih",neutral
Samsul Driver,5,2021-11-13 14:43:54,Ok,neutral
Samudera 08,5,2021-11-10 07:04:02,Sangat bermanfaat dan membantu.,positive
Achmad Candra,1,2021-11-09 03:08:17,"Mengurus kepindahan KTP saja dipersulit dan diarahkan aplikasi yg sepertinya tidak siap, niate online malah ora efektif",negative
Dab Mas Donelemo,5,2021-11-02 04:11:11,Ok ok ok ok,neutral
Oky Yudistira,5,2021-10-31 02:47:15,"Aplikasinya sangat bermanfaat, tapi sayangnya sampai detik ini msh ada beberapa menu yang tidak berfungsi padahal sebelumnya berfungsi seperti menu Kependudukan dan catatan sipil dan pendaftaran vaksin. Minta tolong utk diperbaiki. Terimakasih",neutral
Maria Kristina,5,2021-10-24 17:25:18,pengaduan selalu di respon,positive
Arthur Pranadipta,5,2021-10-19 04:15:05,"Aplikasinya bagus banget,,saya KTP luar jogja bisa vaksin di RSUD wirosaban, petugasnya ramah-ramah semua, rumah sakitnya Bersih dan Nyaman..terimakasih",positive
Ardi Wibowo,1,2021-10-17 13:35:30,Aplikasi rusak,negative
Johan Palagan,1,2021-10-15 01:34:24,"Saya sdh wa utk perubahan C1 sdh seminggu perubahan nya blm jg dikirim baik lewat wa atau email, saya komplain lewat wa yg sama ttp tdk ad respon. Terpaksa saya dftar lg utk perubahan ktp dan c1 lg.... lwat fitur jss pun jg akhirnya wa lg dan wa lg ... seperti muter2 saja.",negative
Cantika nadin,5,2021-10-14 18:56:06,Ok,neutral
seto ksatria,1,2021-10-13 04:34:45,"PELAYANAN DAN INFORMASI YANG BERBELIT MENYUSAHKAN WARGA. APALAGI URUSAN VAKSIN.. INFONYA KURANG JELAS DAN KURANG TRANSPARAN. JADWAL VAKSIN SMS SUDAH DITEPATI MALAH DISURUH PULANG SAMA PETUGAS ALASANNYA JADWAL VAKSIN DIUNDUR, TANPA INFO SEBELUMNYA. PELAYANAN KARYAWAN NEGARA DARI DULU MEMANG KURANG PROFESIONAL. MESAKNE PAK JOKO, BAWAHANE KOYO TELO",negative
Hary Yanta,5,2021-10-12 06:48:15,Baik,positive
Pakde,5,2021-10-11 13:01:30,"Lambat, pake kuota maupun wifi",negative
Ilmo Y R,1,2021-10-08 06:50:32,"Pelayanan KTP tdk bisa di klik, layanan WA tdk ada respon, Tanya ke Balai Kota diarahkan lagi ke Jss... Padahal Aplikasinya selalu error",negative
Sonyindra P,4,2021-10-05 05:44:57,"Aplikasi membantu sekali..hanya kurang opsi perbaikan jika ada syarat yg kurang.....namun petugas juga tidak lengkap jika ada kekurangan berkas permohonan. Saya sampai submit permohonan 3x karena kekurangan berkas yg tidak sekalian ditulis di catatan,",neutral
ersant ersant,1,2021-10-04 08:38:21,Lumayan ? ? ?,neutral
Max-G Game,3,2021-10-04 04:19:55,Bintang 3 Dulu.. Kok gk bs Daftar Vaksin ya?? Katanya bs dipake tgl 10 Juli.. Ini dh tgl 04 Oktober.. Gimana cara nya??,neutral
Kaswin Andrianto,5,2021-10-03 20:58:08,Oke,neutral
Captain IWAN,2,2021-10-02 13:46:50,Warga Jogja dikasih vaksin yg biasa (sinovac) warga non jogja malah di kasih vaksin yg bagus (moderna). Sangat memihak ğŸ‘ğŸ‘ğŸ‘,negative
Ethan Fakhri,1,2021-09-29 01:42:39,"Daftar vaksin disini berasa ditipu. Ditulisnya Astrazenica, sampai lokasi malah dikasih coronavac",negative
Supardjono Mudjiman,5,2021-09-28 13:10:50,Ok,negative
Riyanto Stefanus,5,2021-09-28 08:11:56,"Saya langsung beri bintang 5 tanpa basa basi, dari awal proses instalasi aplikasi, pengajuan permohonan, sampai pengambilan dokumen yang sudah jadi berjalan lancar tanpa kendala, permohonan perubahan KK secara online lsg jadi kurang dari sehari dengan pencetakan mandiri,permohonan KTP perubahan lsg jadi kurang dari setengah hari dan lsg bisa diambil ke loket mall pelayanan publik di balaikota Timoho..ada baiknya sebelum mengajukan permohonan yg diinginkan dpt disiapkan dokumenÂ² pendukung.",positive
Triyuniwinarti yuni Winarti,5,2021-09-27 22:38:42,Bagus sekali,positive
PINMOO CREATOR,1,2021-09-23 16:08:06,BELUM PROFESIONAL,negative
Bahrun Tj,1,2021-09-23 00:43:18,ra mutu,negative
user fast,1,2021-09-21 01:47:09,Layanan WA HelpDesk tidak ada respon dan Tidak ada manfaatnya mencantumkan nomor WA kalau tidak ada jawaban.,negative
Jerico Rico,1,2021-09-20 09:23:08,Ikutan rating jelek aja,negative
Mbakni Pijet,3,2021-09-20 06:38:30,Agak susah sinyalnya,neutral
Fajar Yoga,1,2021-09-19 21:01:41,Fake,negative
bayu herbudiawan,1,2021-09-17 15:15:46,Ribet.enak langsung datang ke kecamata selesai,negative
aisyah siti,1,2021-09-17 10:13:38,Aplikasi apaan sih ya. Mau daftar vaksin susah. Diberinpetunjuk WA tp tdk direspon ğŸ˜‚ğŸ˜‚,negative
Suri Yati,5,2021-09-16 04:19:05,Nice,positive
Ihsan Nur rohman,2,2021-09-15 22:37:41,KENAPA SAAT AKU MAU MASUK KE APK KADANG KADANG GAK BISA . TOLONG DI PERBAIKI YA,negative
indah puspitasari,5,2021-09-13 08:49:27,Bagus,positive
Audina Mega,2,2021-09-11 10:49:55,Mohon maaf ini kenapa aplikasi nya tidak bisa digunakan ya? Saya pencet apapun yg ada di menu tidak bisa. Mohon bantuannya.,negative
Luis Service station,5,2021-09-11 05:26:31,BagusğŸ‘ğŸ‘ğŸ‘ğŸ‘ğŸ‘ğŸ‘ğŸ‘,positive
yantiendar Handayani,1,2021-09-09 08:02:27,Kok ga bisa didownload yaa????,negative
May Youme,5,2021-09-09 07:15:29,Aplikasinya menurut ku simpel dan pendaftarn tgl ikuti arahan ..pas sampe lokasi lgs gercep..g sample setengah jam lgs dpt giliran,positive
Purwantiningsih Purwantiningsih,5,2021-09-08 07:37:57,Jss memang oke,positive
Usman Oemarbakrie,1,2021-09-08 02:54:41,Di klik go bisa2,negative
Slamet Jogja,5,2021-09-08 00:43:18,Mantap,positive
nurma kurniawati,1,2021-09-06 02:52:43,"Kl blm siap dgn sistem online, mending g usah aja.. jujur ini malah lbh lama dan menyulitkan proses nya.. bukannya Simple or praktis tp mlh ribet.. hrs d wa dl petugasnya.. ujungnya suruh isi ulang.. dah lah.. dasar negara berflower.. birokrasi nya emg g bs berubah.. harusnya sih bintang 0 saja.. serius.. ini blibet bgt.. g guna layanan aplikasi onlen ini.. dua bulan coyy ngurusnya.. makan ati.. mending makan ati asli.. ini gawe dongkol",negative
NugrohoAdi Pamungkas,4,2021-09-04 07:50:04,"Tolong untuk info pendaftaran vaksin diberi keterangan DOSIS KE BERAPA, agar tidak bingung, TERIMAKASIH",neutral
Koko Chanel,1,2021-09-04 07:28:26,"Aplikasi kurang protektif untuk pengguna.... 1. Mau masuk daftar login no nik / usser name angka yg sesuai identitas sya kok bisa sudah dipakai orang lain,, seolah data pribadi kita bisa diliat di aplikasi ini 2. Sya yg asli malah gak bisa daftar karena dipakai pengguna lain, disuruh masukan nik yg lain, tpi malah muncul identitas oramg lain lagi, hadeuhhhh",negative
Anindya Hapsari,3,2021-09-02 23:27:15,Bintang 3 dlu soalnya pernah daftar bikin surat kematian gak ada notifnya. Semoga yang ini bisa kalau bisa tak kasih bintang 5. Segera direspon gih soalnya kami kaum awam masihh bingung blong koplong,neutral
Agung Kurniawan,5,2021-09-02 22:07:52,Sangat membantu masyarakat ğŸ‘ğŸ½,positive
Rio hadi Romi wijaya,1,2021-08-31 21:25:23,Mau daftar dan login aja susah nya minta ampun!,negative
BangAL Wara-Wiri,1,2021-08-31 06:24:19,"Aplikasi bagus, tapi tolong dibuat lebih simple, niatnya mau canggih tapi malah bikin emosi masal. Karena gak semua orang mudah memahami aplikai ini. Buat it nya selamat kerja keras, kalau tidak sanggup silahkan mundur biar diganti yang lain yang lebih siap.",negative
Wakiya Yoyok,4,2021-08-30 06:42:05,Bagus,positive
Penjaga Hati,5,2021-08-30 00:36:26,"MANTAP,semua pelayanan bisa jadi satu aplikasi ğŸ‘",positive
Rafli Huazaifi,1,2021-08-28 08:26:26,"Provinsi dengan UMR kecil di Indonesia ,urusan birokrasi harus pakai aplikasi,tapi aplikasi nya bobrok, register lama,sudah register gk bisa login,,,lebih bagus dan cepat aplikasi pinjol.... mendingan dana bikin pager alun-alun buat gaji IT yg bisa bikin aplikasi bagus dan mudah buat rakyat dan mudah di gunakan, untuk yang muda aja susah memakai nya,gmn orang tua yang sepuh2...",negative
Dora Sauvenir,1,2021-08-28 02:39:37,"Ini sangat tidak evektif sekali, bahkan membuat masarakatnya bolak balik, sistem, terlalu riber, saya pikir bisa memangkas waktu dan memudahkan semua urusan yg bersangkutan dengan data diri. Ternyata tidak membantu sama sekali.",negative
Carolina Riri,1,2021-08-27 01:20:15,Mau ngurus surat kematian buat orangtua aja dipersulit sebenernya ni app bisa digunain gk si masa gagal muluk udh pake wifi jg gagal admin wa dichat jg kerjaannya nge read doang sebenernya pd kerja gk karyawannya digaji cuman buat bisu?,negative
Iril Ibro Mustofa,4,2021-08-27 00:07:46,Scan eror. Abis di scan lgsung freeze,negative
Rachelia Irene,5,2021-08-24 00:07:29,"Rasah gawe aplikasi !!!!! Kemaren disuruh kelurahan KTP gnti stts suruh wa sesuai templekan neng nduwur ,udh wa smpe hrus klik link ikt antri udh dtggu jawabane trnyta ZONK ,owlah suruh lwt aplikasi ini !!!!!,dlu aja lwt wa lebih enak kenapa lwt aplikasi ,aplikasinya aja jelek bgt !!!!! Cri vaksin aja gak prnh dpt akhire lwt RT ,sistem bobrok skali gais !!!",negative
DAL OFFICIAL,1,2021-08-23 03:26:55,"pelayanan khusus warga jogja KOTA saja.. beda deskripsi sama di w.a (helpdesk) tertera ""melayani vaksinasi luar kota"" padahal saya hanya beda kabupaten saja",negative
pradistya agusta,1,2021-08-23 01:49:18,"Semua diarahkan ke aplikasi , sedangkan aplikasi belum siap , saya daftar vaksin tidak ada pemberitahuan sms, ada pemberitahuan lewat aplikasi tapi di sore hari hari , padahal vaksinnya siang , trus untuk penjadwalan ulang vaksin kapan ? Diaplikasi untuk pembatalan tiket vaksin aja tidak ada respon sudah ada 1 minggu. Trus saya jadi tidak bisa ikut vaksin di lain tempat , tolong ini min direspon",negative
Dian T Indrawan,1,2021-08-22 23:53:30,Gak bisa daftar akun kok minta update. Susah banget daftar akun. Padahal penting banget. Ya weslah...,negative
Agustina Lilik,1,2021-08-22 06:36:25,"Gak pernah bisa masuk, pusing sampek an .. ini sebenarnya bisa di pake gak sih???",negative
yani Yani3023,2,2021-08-22 02:07:26,"Bagian ""pendaftaran vaksin"" memang tdk bs diklik kah?",negative
i-fun channel,1,2021-08-20 17:24:28,"applikasi percuma sebagai apa cuman di lempar lempar kan ke link lain , data masih belum akurat",negative
rob sonny,1,2021-08-20 16:46:09,Saya mau daftar vaksin kok Gk bisa tlg dibantu...,negative
Kurniawan PK,5,2021-08-20 14:36:58,Good,positive
29_Safira Salsabila,5,2021-08-20 13:46:56,Jss Jos tenin,neutral
Rara Fauzan,5,2021-08-20 11:28:44,Sangat terbantu saat pendaftaran vaksinasi covid19,positive
Thomas Bancin,5,2021-08-19 13:20:32,Jss dangat mendukung nagi warga jogja untuk mengetahui informadi seputar kota,positive
AFTEK SOLO,5,2021-08-19 12:19:44,Ok banget warga jadi tahu info nya,positive
harun rosyid,1,2021-08-19 11:18:14,"Kenapa saya pakai Aplikasi di android redmi note 10 pro tp utk fitur pendaftaran vaksinasi tidak bisa saya akses, tp kalau masuk dr smartphone yang lain bisa",negative
Rif'an Gayar Febryan,5,2021-08-19 10:48:07,Pelayanan sangat baik,positive
Reny Wijaya,1,2021-08-18 01:26:33,Gila parah bgt daftar buat ngurus perubahan data aja lama bgt dah dicoba sampek berkali kali tetep aja gak bisa padahal udah pake wifi sampe 2hari parah bgt sampek dateng ke balkot juga ttep gak bsa harus pake jss astagaa gak kelar2 urusan,negative
alkin acak,1,2021-08-17 12:32:42,Kok jadi susah ya,negative
sa ep,1,2021-08-17 03:30:13,Ealah,negative
Agus Prasetyo,5,2021-08-16 03:21:18,Sangat bermanfaat,positive
Didik Purwanto,2,2021-08-15 07:29:27,"App OP bangat , selalu gak bisa di pakeğŸ‰",negative
rocipoki,2,2021-08-15 05:18:50,Sudah memakai jaringan yang cepat pun pemuatan aplikasi masih sangat lambat. Tolong diperbaiki,negative
Febrinda Rohadi Rinreswara,1,2021-08-15 00:17:26,Fitur pendaftarqn vaksinnya gak bisa diklik... udah dicek secara berkala juga tetep gak bisa.. atau memang untuk ktp luar jogja gak bisa daftar vaksin lewat aplikasi ini ???,negative
Benny Wijanarko,5,2021-08-14 08:09:58,Ok,neutral
Apriya Nugraha,2,2021-08-13 23:18:54,Kurang bagus...,negative
Forgiven,1,2021-08-12 02:01:48,Pendaftaran vaksin tutup trs......,negative
iBut XD,1,2021-08-12 00:57:34,"Ngurus akta kematian dipersulit... Datang langsung ke dukcapil, disuruh daftar dulu lewat jss.. ini maunya gimana? Sedangkan jss sendiri banyak masalah... Bayar yg banyak gih buat developer nya.. biar kerjanya bener.",negative
wong enak,1,2021-08-11 11:37:00,apa ini ? buang2 kuota internet,negative
Tony Ledzin,1,2021-08-11 07:37:03,"mau daftar vaksin buat adik saya di aplikasi jss udah login udah klik tombok vaksinasi suruh daftar lewat wa,nah udah di wa malah di suruh daftar lewat aplikasi jss lagi.buka aplikasi jss juga sering eror eror terus njok masyarakat kon kepiye?saya sebagai warga sangat kecewa dengan aplikasi jss bukannya mempermudah masyarakat melainkan malah mempersulit.mohon lebih di perbaiki lagi.sekian kritikan dari saya semoga di lihat di dengarkan dan di laksanakan untuk perbaikan aplikasinya.Matur SuwunğŸ™",negative
iko baskoro,1,2021-08-09 12:22:04,Aneh,negative
Dhayu Al Fatih,3,2021-08-09 10:58:37,"Aplikasi Bagus, mungkin bisa cari penyedia layanan hosting yang lebih baik dan ternama agar tidak terjadi down ketika banyak user yang akses",neutral
Anditya Tri Wanggono,1,2021-08-08 17:51:19,"Aplikasi yang bukan aplikasi, melainkan shortcut menuju web adress yang diarahkan melalui browser.",negative
kamti sukamti,1,2021-08-08 14:24:28,"Aku gak instal dulu, soalnya dr reviewnya aja aplikasi ini belum beres",negative
Muhamad Riadi,5,2021-08-07 13:20:13,Terimakasih,positive
Bambang Setiyaji,5,2021-08-07 01:31:16,Tjakep,negative
kacang lupa daratan,2,2021-08-05 15:01:49,"Lek tulong, daftar baru trus udah dapet link tp bar di klik loading terus""an, gaiso login njuk nek arep ngurus opo"" kudu login. Njuk aku nginstal iki gunane kur ngebaki memori?",negative
R Lilo Dwi,1,2021-08-02 09:15:54,Sering trouble,negative
GuaRian,4,2021-08-02 04:01:46,Oh iya ternyata ada info untuk lokasi vaksinasi plus ada fitur untuk daftar dan boking. Aku kurang informasi ğŸ˜…,neutral
Kharisma Zufar Adista,5,2021-08-02 03:04:29,Penanganan cepat tapi tingkatkan lagi biar lebih baik,neutral
ariest-,4,2021-07-30 11:25:06,Kode aktivasi ga dikssih2 ki piye to?,negative
Sri Purwanti,5,2021-07-30 05:52:23,Aplikasinya bagus dan bermanfaat banget..semoga Kang Admin sehat selalu.,positive
putti eka,1,2021-07-30 03:57:43,Prek apl eror eror buat aplikasi yang bener nunggu kelamaan as buh. Gimama Indonesia dan jogja mau maju jika seperti ini,negative
Dian Novita Sari,2,2021-07-29 14:08:09,"Untuk mengurus akta kematian saja, ribetnya minta ampun... Diulang berapa kalipun tetap ujung-ujungnya gagal",negative
Mohammad Nurullah,5,2021-07-29 02:52:54,Mantap aplikasi dan pelayanannya...saya rubah data ktp satu hari kerja selesai dan esok hari tinggal ambil ktp di mall pelayanan publik timoho..mantap pokoke,positive
Syafira Azzahra,1,2021-07-29 01:04:14,Kecewa banget. Error apa gimana gatau...pas klik pendaftaran vaksin (sebelum daftar) bisa trs kalau mau masuk harus punya akun dulu. Pas udah daftar akun gabisa di klik dong...kesel banget...kukira ngaruh sama jam mulai pukul 8 ternyata sama aja,negative
Agus Daruntoro,1,2021-07-29 00:56:05,Percuma.. tdk bisa dipakai.. selalu error.. dihubungi ke no helpdesk(WA) tdk ada respon.. dibacapun nggak.. jogja mmg istimewa??? Auto delete..,negative
Fajar arjaken,1,2021-07-28 18:09:50,Rasis sekali vaksin kebanyakan nik JOGJA tidak adil buat pendatang KALIAN TIDAK ADA WARGA PENDATANG WISATA & PENDIDIKAN KALIAN TIDAK AKAN BERKEMBANG INGAT!,negative
agung prastowo,5,2021-07-28 16:22:32,Jos,neutral
Bisatyo Purnomo Agustinus,3,2021-07-28 12:51:45,Coba dululah...,neutral
Brillian Putro Setiawan,5,2021-07-28 11:06:00,"Aplikasi bagus, sangat membantu",positive
Toko Kosmetik,1,2021-07-27 22:34:26,Udah download mau login aja susah banget... aplikasi ga guna..,negative
Muh zuhdi Shofwan,1,2021-07-27 14:10:28,"Lemot parah , mau daftar vaksin sulit.",negative
Ayu Bpp,1,2021-07-27 13:56:48,Sama sekali tdk mmbntu..,negative
Wikan Bimantara,5,2021-07-27 13:37:53,Mantab,positive
resa twentyone,1,2021-07-27 13:27:09,Susah login pendaftaran vaksin,negative
muktasit,5,2021-07-26 12:54:07,Bisa membantu kalau ada kerusakan,neutral
Thama beghe,5,2021-07-25 09:35:29,"mantab dech,, sangat membantu",positive
Megi Nugroho,1,2021-07-25 06:26:10,"Sama sekali tidak ada manfaat,kemudahan dan ke simple an, malah bikin ruwet,mau daftar vaksin aja ruwetnya ampuuun..gak pernah di update. Perbaiki dulu dan bener2 profesional kalau mau bikin aplikasi. Maaf bintang 1 aja deh",negative
Luthfiagus Sanusi,4,2021-07-24 12:55:00,Good programs ...,positive
Arjosentono simatupang,1,2021-07-24 05:30:27,Saya Jafar Nurrohman tunanetra dari Jogja Mohon maaf untuk Jogja Smart Service untuk tunanetra sangat tidak membantu karena banyak sekali fitur-fitur yang tidak di bisa dibuka oleh layanan t a l k b a c k demikian harap dijadikan Pirsa dan Mohon untuk diperbaiki dan disempurnakan kembali,negative
2uuk qjo133,5,2021-07-23 08:57:40,"Aplikasi yg sangat membantu dan memudahkan masyarakat untuk urusan"" Penting",positive
Ogie Dewangga,1,2021-07-22 08:44:11,"Dan pada intinya untuk pengurusan surat di kelurahan/kecamatan tetep menggunakan surat fisik yg akhirnya 2x kerja. Klo memang kepengurusan surat menyurat tidak bisa pake aplikasi ataupun aplikasi belum bisa bekerja secara maksimal tolong di jelaskan detail untuk yg sudah terlaksana atau belum terlaksana itu pengurusan surat apa saja agar ""JELAS"". Biar tidak bikin rancu 2x kerja, jelaskan juga syarat syarat yg harus di upload di aplikasi apa saja itu baru smart service.",negative
Gond Gondang,5,2021-07-22 04:19:16,"Wah gila sih, ga sampe sehari ganti ktp rusak ga pake ribet urus lewat apps tinggal ambil ğŸ‘ğŸ‘",positive
Sang driver,1,2021-07-19 09:05:37,Aplikasi RIBET!!!!Urusan gampang malah dadi rumit...ganti wae wong2an e,negative
rizqy anugraha,5,2021-07-17 05:04:04,Baik,positive
Alfatsya M Masagala,2,2021-07-14 03:07:41,Gabisa umum,neutral
Abe,5,2021-07-12 15:10:10,Sangat terbantu sekali oleh aplikasi JSS,positive
Moh. Fahmi,5,2021-07-10 12:16:33,Sangat bermanfaat bagi masyarakat,positive
Bambang Edy Pamungkas,5,2021-07-09 05:20:13,Bagus,positive
Handri Yanto,1,2021-07-06 23:37:03,"Ngurus ktp sejak tanggal 24 juni sampai tanggal 7 juli belu jadi proses ribet sekali ,, bikin ribet malah bikin lama prosesnya",negative
emi sukiswati,5,2021-07-05 14:17:28,Oke,neutral
Sri Lestari,5,2021-07-02 03:38:37,",, yg j",positive
mudi legawa,1,2021-06-30 09:05:03,"Hebat sekali pelayanan publik dukcapil kota jogja!!! Untuk penggantian KTP rusak melalui JSS dibutuhkan waktu 3 hari lebih, benar benar MAKAN GAJI BUTA. sekedar perbandingan saja penggantian KTP rusak di drivetrue dibutuhkan waktu 10 menit. Lewat aplikasi JSS dibutukan waktu 6X24 jam. Memang yang dilayani bukan hanya saya tapi apa juga selama itu juga proses pengajuan saya???!!!!",negative
Raafian Prabowo,5,2021-06-30 05:34:10,"Saya hendak mengajukan Pembuatan Kartu Pencari Kerja, tetapi setelah selesai mengisi biodata saya dan akan melanjutkan pengisian pendidikan formal namun masih terkunci dan tidak bisa dibuka sama sekali dengan kondisi tombol masih merah belum hijau.",neutral
mangunayu jogja,5,2021-06-30 05:29:37,Bagus & informatif,positive
Widodo1974 Dodo,5,2021-06-30 00:07:23,Kok presensi hilang jeh,neutral
Fitri Fiorenza,3,2021-06-29 15:32:45,Gagal trs di proses akhirnya .sulit bgt,negative
Khansa,1,2021-06-29 12:28:50,"Mau update data perkawinan ya Allah ampe dari bulan lalu dicoba trus g bisa , masukin foto kk dll g bisa ğŸ˜£ pusing aing",negative
Asa Dani,5,2021-06-29 07:01:45,Tak Perlu Ragu Jadi Profesional & Jangan lupa bahagia hari ini...,neutral
Hety Setiawati,5,2021-06-28 01:49:46,Saya ingin buka jogja smart service dengan cepat,negative
Iswan Toro,5,2021-06-27 16:49:40,Susah masuk,negative
Raden Putra,1,2021-06-25 15:46:40,"Mental terus ke beranda, nganti kesel sik ngetik mbolan baleni terus",negative
Den Den Dhut,1,2021-06-25 14:48:36,"Aplikasi tujuannya mempermudah petugas kerja bukan mempermudah masyarakat,di masyarakat tersebar ngurus ktp rusak mudah,dengan lewat drivthru aja bares,tp bukanya drivthru itu tidak turun dari kendaraan to,tapi kenapa harus lewat aplikasi JSS???????ğŸ¤”ğŸ¤”ğŸ¤”ğŸ¤”ğŸ¤”ğŸ¤”ğŸ¤”ğŸ¤”",negative
Fatah Maullana Sujarwanto,1,2021-06-25 13:03:02,Daftar aja lemotğŸ˜¡ğŸ˜¡ğŸ˜¡,negative
Wahyu Ferdianto,1,2021-06-25 02:18:39,"Parah,gagal terus di akhir proses",negative
Nanang Irawan,1,2021-06-24 13:01:29,Aplikasi belum maksimal,neutral
Handa Handayani,1,2021-06-23 02:34:29,"update jss versi 3.0.123 terbaru wifi free hotspot tidak berfungsi d imanapun ,tolong diperbaiki",neutral
Humanida Faizal Ramadhana,1,2021-06-22 03:29:49,Pelayanan tidak memuaskan malah makin lama,negative
zulian ilham saputra,3,2021-06-21 05:06:46,"mau registrasi aja lama,dari pagi sampe siang masih aja dlm proses",negative
Achmad S,1,2021-06-20 23:34:12,"Ini mau daftar KTP malah nge direct ke website, tapi di website diarahkan lagi untuk daftar via aplikasi... Mubeng2 jal",negative
Aldan Rafif,4,2021-06-19 13:23:10,Gimana cara login WiFi free hospotnya?,neutral
Dylan Pratama,1,2021-06-18 07:07:58,"Harusnya online itu mempercepat,mempermudah bukan malah memperlambat.. saya rasa lebih cepar manual nyiapin berkas ambil nomer antrian di serahkan dah selesai.",negative
boga sugeng,5,2021-06-17 17:47:02,oke punya,neutral
Irfan Effendi,5,2021-06-16 07:17:41,Bagus,positive
Vegvisir [Rune Compass],1,2021-06-16 01:21:07,Setelah diupgrade malah tidak bisa dibuka...hapus saja tidak bermanfaat menghabiskan kouta sajağŸ˜¬ğŸ˜¬,negative
Jihan Azkadina,2,2021-06-14 08:47:18,Ini kok fitur nya membingung kan ya ... Loading nya lama bgt trs kurang jelas juga ..,negative
frida noor afifah,1,2021-06-14 03:37:47,Masih bagus sama aplikasi sebelumnya. Diupdate malah makin eror..,negative
Sekar Jagad Jogja,5,2021-06-13 02:25:28,Membantu masyarakat dalam layanan kependudukan dll,positive
Swastagustami@yahoo.com Aliriyanto,5,2021-06-12 23:56:31,Bagus,positive
Masak n Macak,4,2021-06-09 13:59:05,Ok,neutral
Eko Firmansyah,1,2021-06-09 12:53:05,Payah... Setelah diupdate malah nge lef terus,negative
Agus Kristianto,2,2021-06-08 14:17:05,"Tolong dong dibikin widget buat presensi online nya, biar langsung dapat diakses di home screen. dan satu lagi tampilan home nya jangan berat2, hp kentang jadi lemot makasih... #karyawanpemkot",neutral
Kusdiyana_ Koes,2,2021-06-05 11:46:45,"Update aplikasi terbaru malah susah untuk digunakanpelaporan pajak parkir, cetak kode bayar tidak bisa berjalan.",negative
PA CHANNEL,5,2021-06-05 05:09:11,Aplikasi satu untuk semua,positive
oentoeng soetrisna,5,2021-06-05 00:33:45,Semoga kota Jogja semakin maju,positive
SAMBUNG BASUKI RACHMAT,5,2021-06-04 10:27:18,Makasih banyak,positive
Novi Woro,1,2021-06-04 01:57:36,"Update terbaru (2 juni 21), aplikasi lemot, daftar antrian puskesmas mental ke halaman beranda saat upload bpjs. Mohon di benahi. Maturnuwun",negative
jom asjo,1,2021-06-04 01:38:13,terlalu lamban,negative
Nur Oso,5,2021-06-04 00:28:33,Bagus,positive
ratna safitri,4,2021-06-03 14:08:47,"Kini, semua bisa dalam genggaman. Maju terus kota Jogja â¤",positive
Asfi Gledeg,5,2021-06-03 11:29:30,Jos,neutral
Sarbiyo Sarbiyo,4,2021-06-01 08:23:33,memudahkan urusan,positive
FzN M,5,2021-05-28 04:02:43,Bagus dan sangat membantu.. Sejauh ini belum ada kendala dalam pengguan aplikasi :),positive
Ainun Riza,5,2021-05-27 14:28:31,Aplikasi ini sangat membantu,positive
Ervad Aryanto,5,2021-05-24 07:30:10,App yg informative dan membantu warga Jogja.,positive
Rizal Norma,3,2021-05-05 08:14:06,Gmn si ni apl tiap login ke wifi gk bisaaa,negative
Sugeng Nugroho,5,2021-05-03 03:31:08,aplikasi marai mumet... meng arep ndelok nomor kk we mubeng minger...,negative
yusuf ahbari,4,2021-05-02 22:49:35,Aplikasi yg memberikn Pelyanan kpd Pegawai & masy kota yk,neutral
Kun CunX,1,2021-04-30 16:43:48,Gak bisa login,negative
digital power,5,2021-04-30 02:27:11,Semog lancar apa yang saya harapkan,neutral
Muhammad Willy,5,2021-04-28 04:18:06,Mantul,positive
theresia rini,4,2021-04-27 22:31:12,brsan update..... cm untuk edit akun profil..ko blm bisa...mohon dilengkapi,neutral
Bu Harni,5,2021-04-26 11:41:57,Membantu,positive
Berta Nuning,5,2021-04-20 09:04:33,Bagus,positive
Pengguna Google,5,2021-04-19 08:02:28,Bagus perlu pengembangan kemudahan update,positive
Halimah Sa'dyah P,5,2021-04-18 23:12:59,Sangat membantu dan memudahkan warga jogja untuk menikmati fasilitas serta pelayanan dari pemerintah jogja. Trimakasih,positive
adi kolombo,5,2021-04-17 02:22:23,"iki piye tho dab .,, arep mlebu di jaluki nomer NIK,trus omonge nomer NIK durung kedaftar,,pas daftar nganggo nomer NIK omonge nomer NIK sudah terdaftar., Diwolak walik tetep ra dadi Bagus,, tapi tidak bisa mendaftar,, setiap kali mengisi form pendaftaran dengan nomer NIK sampai selesai, selalu ada pemberitahuan kalo sudah daftar,, tapi kalo masuk langsung dengan no NIK pemberitahuannya bahwa nomer anda sudah terdaftar,, padahal saat pendaftaran selalu gagal,, Aplikasi ne iseh uji coba po yo?",negative
Sabar Man,5,2021-04-16 00:05:28,Bagus sekali,positive
ryane ferouline,5,2021-04-14 22:51:00,Menarik,positive
Bonong Kurniawan,5,2021-04-14 19:01:30,Mantap...!!!,positive
Goerge HR HR,5,2021-04-14 05:41:58,Mantap,positive
Agung Agung,5,2021-04-13 04:22:57,Sangat mendukung pejerjaan,positive
Teddy Supratiknyo,5,2021-04-06 10:28:14,sangat membantu,positive
Risakti Pramaningsih,5,2021-04-05 08:15:32,Sangat bermanfaat,positive
mande jogja,3,2021-04-02 23:34:37,"Gimana ini aplikasi buat laporan tdk bisa, lebih simpel yg dulu buat laporan gampang mohon diperbaiki",negative
Pak Wawan,5,2021-04-01 00:18:30,Bermanfaat,positive
Yaya,1,2021-03-31 10:48:05,Kenapa free hotspot skrg gabisa login,neutral
Makaroni Endul,5,2021-03-31 06:04:01,"Menu laporan saya tidak berfungsi ,tidak ada data muncul",negative
Petrik Gaming,5,2021-03-26 07:13:34,Wait,neutral
Agus Sudarmantoo,5,2021-03-24 17:45:04,Istimewa,positive
Tita 29,5,2021-03-24 00:03:09,Ok sipp,neutral
Murjani Mudjiasih,5,2021-03-23 07:28:38,Josss...mantap aplikasinya sangat bermanfaat,positive
Alpin Fathu,1,2021-03-22 13:34:20,TRASHHHHHHHHHHH,negative
Agung Gede Wicaksana,5,2021-03-22 10:23:56,Jos sangat membantu,positive
bagus Haryono,5,2021-03-16 15:36:03,Sangat membantu untuk masyarakat,positive
WONG NDESO,5,2021-03-15 04:13:24,Jozzzzz...,neutral
May Fina,5,2021-03-09 01:55:58,Bagus,positive
SUHARMI WADININGSIH,5,2021-02-28 23:27:53,Sangat Dibutuhkan Warga Yogyakarta,positive
Ruswanto Gayam,3,2021-02-28 11:20:09,Layanan masyarakat,neutral
Agustinus Sarbiyo,5,2021-02-24 03:24:42,Memuaskan,positive
raja ayam panggang,5,2021-02-20 11:44:58,Sangat membantu masyarakat jogja,positive
Claudeo Ivan Budi Pratama,4,2021-02-18 06:08:32,"Unggah foto ktp buat pendaftaran kartu kuning kok ga bisa i piye? Mohon dijawab, terima kasih",neutral
Nur Hayati,5,2021-02-11 11:40:58,sangat mudah,positive
Oni Wantara,5,2021-02-11 06:21:05,Jossss,neutral
Spidermen 957,5,2021-02-04 13:48:29,Bgus,positive
Laskar Pawon,5,2021-02-04 06:48:21,Love it,positive
Sekar Kinanthi,5,2021-02-03 12:59:05,Bagus,positive
Samsul St,5,2021-02-03 12:16:19,Good,positive
Endang Priyatin,1,2021-02-02 08:57:21,aplikasi nya kurang bagus karena tidak bisa pakai wifi,negative
Arif Nur,3,2021-01-27 16:57:53,"3 dulu y, soalnya pengen cari WiFi yg terhubung selalu miss atau di Maps ad, di tempatnya g ada",neutral
muthmainnah BM,5,2021-01-27 10:26:25,Keren...,positive
Mai Suyetno,5,2021-01-24 22:45:47,Telah memperlancar komunikasi,positive
Wisang Wiyoso,5,2021-01-21 07:41:51,Mantul alias mantap betul,positive
Untung Soetrisno,5,2021-01-20 00:34:59,Top bgt,positive
Wong Jogja Project,5,2021-01-18 15:49:45,Mantapp,positive
aprimiswan sangaji biromo,5,2021-01-15 17:27:31,"Keren, ringan di HP lawas juga fungsinya yg luar biasa. Bbrp kali mau daftar RS Pratama error pdhl nunggu lewat jam 00 agar kebagian, tapi setelah dicoba secara berkala lalu bisa. Goodluck untuk depelopnya, sehat terus untuk kita semua. Semoga ga error2 lagi. Trims",positive
Dwi Rumiyati,5,2021-01-14 04:18:12,Ok,neutral
Yesica Tyas,5,2021-01-14 02:39:26,keren dan sangat membantu,positive
Oki Anggoro,5,2021-01-13 09:30:59,sangat membantu. usefulllll,positive
Mujiyanti Gedongkiwo,5,2021-01-12 00:10:41,Api tenan,positive
Agung Bintoro,5,2021-01-08 10:56:10,Bagus,positive
Jaswadi Pak,2,2021-01-05 08:33:53,Sering error untk absen pegawai,negative
Wiwin murniyatun,5,2021-01-04 23:57:57,Kenapa eror ya,neutral
Seno Narimo,5,2021-01-03 12:29:30,Sangat bagus,positive